cid,text,time,author,channel,votes,time_parsed
Ugwa23sdYwzaDdS3ThJ4AaABAg,Dang cringe transfers from language to language and itâ€™s really weird lol,30 minutes ago,@jasonjavelin,UCzd4LseX0KuUhdeIAc0MeoQ,0,1741718272.966632
UgwoNAv0wym7X8rmgYl4AaABAg,"47:57 Key thing about being a DM Lily. As long as the people you are DMing for seem like they are having fun, you are doing a great job and at the end of the day, it's a game. Good luck!",1 hour ago,@MisterDiceGuy,UC1nviIPQGBniFc2RyByFE9g,0,1741716472.968615
UgyOkQ7-8EbRS2DVeDt4AaABAg,"finally had some time this week to binge watch the last 5 eps, love the content <3",3 hours ago,@aadrian_ok,UC4Am-Ka4YH4H4W0VwBw3RhQ,0,1741709272.969397
UgzPWFQJsgW2yh3ljJR4AaABAg,"Congrats on the first Sponsor, girls ðŸŽ‰",4 hours ago,@saschascholz7944,UCEHu1_qsTaBIl95foC4b2Jw,0,1741705672.970051
UgyXgvW3iCnkGPXk0Td4AaABAg,i didnt know stalking was this common,7 hours ago,@atomdevil2681,UCIq-jnIvjrbPgJKiR45WYJQ,0,1741694872.970702
Ugwv1Yl4Vly6boQu2dd4AaABAg,"Hey editor, can you try to add the number of times poki interjecting lily from future episode? ðŸ˜‚",15 hours ago,@dhanushdussa9423,UCHCACpNfxM3BB_lD91Hwabg,0,1741666072.971353
Ugwsb6f0kvrg9DMnByJ4AaABAg,"It only feels like last month that SnS started but here we are, episode 26! That's half a year! That's kinda crazy.",16 hours ago,@x3MiiNTY,UCYw6XS7UQq9QjLI_g9Jp04w,0,1741662472.971996
UgxHuZYzB8y7TQXZC4h4AaABAg,"That title is like 2 truths, and probably a lie of Ludwig",16 hours ago,@bitterswot7584,UCoL7jZEpBVQr6Fv2VNAVX5A,0,1741662472.972612
UgwSfJPPyfM1KHJZY_h4AaABAg,hahahaha Lily at 8:42,1 day ago,@danieladlaicarmonamolina292,UC895LBJ34G51_JY4kkBzOsQ,0,1741633672.973171
UgxTCaPnvEpX026E-eZ4AaABAg,"Christina Grimmie, I looked her up, and that's was super sad.",1 day ago,@yeah-boo,UC3DXvLgtSJMFR90b4z7oA3w,0,1741633672.973713
UgzUxMihWqaHo8OIY1l4AaABAg,Awesome podcast.,1 day ago,@corro202,UCmy-Z13zJ1W34TelrUGq3sA,0,1741633672.974256
UgxVqQlX4WaM-ZgSh3F4AaABAg,Iâ€™m sorry pokis or lilys dog is so cute,1 day ago,@Nora-x2i7w,UCasN9fqNGKYh4B-LgE6WfbQ,0,1741633672.974802
Ugy0Awlv2fYuvGuYLPx4AaABAg,omg do a magical girl photoshoot!!,1 day ago,@angelictchi,UCSotNcQU6_P49yUOaHwKdCg,0,1741633672.975337
UgxybqO3nqv1xyNAHRd4AaABAg,"47:55 GM'ing is so fun, and a lot less scary than it's made out to be. I bet Lily's gonna do great!",1 day ago,@K9QM3,UCQZWJwe9TUc8QMb-A7zmShg,0,1741633672.975869
UgwJDIxjtaF22PWzvnR4AaABAg,"3:59 Tbth, I like the left side better! He can do the Mewing meme, but with his head dents ðŸ˜‚ðŸ˜‚ðŸ˜‚",1 day ago,@jd_lione3148,UCWxZml_zF0U6OPtMhtsL3TQ,1,1741633672.976424
Ugw1pH9cIuY1ZPvyxeR4AaABAg,"Listen. I know as a male in his twenties im probably not the target group for this podcast.

BUT LUKA DONOVIC IS DIABOLICAL!!!!!!",1 day ago (edited),@Konglbf,UCrtBQPokyVA_XPkGj1t5_Og,0,1741633672.976968
Ugw-Et6jeudxaGcOYdF4AaABAg,"But hear me out, two pookies filming an episode in Paris ðŸ¥º",1 day ago,@RoRo-ez1wq,UCS5y6-V93G1QDRKUo9Bx2Lg,0,1741633672.977503
Ugx11JRUaDadLTTGXct4AaABAg,"Jeepers, comparing what you say about France and USA. USA sounds like a freaking warzone/trauma source haha! Crazy dude.",1 day ago,@benjaminbrown1849,UCXKCf4TdyU4e1PuXIToa-tA,0,1741633672.978067
Ugw3KZFsUPvitHp8qeB4AaABAg,OMG WITCHWATCHER?!? I havenâ€™t watched anime in years itâ€™s not like I donâ€™t like anime I just havenâ€™t watched anime because I canâ€™t afford anime subscriptions and witchwatcher seems like a good anime to ease me into anime again!! ðŸ«¶ðŸ’–ðŸ’–ðŸ’–ðŸ’ž,1 day ago,@ComfyFruit,UCL3nqQEsgmC-xvaTQI1ipOA,1,1741633672.978606
Ugz39bBFC6teqKsF66t4AaABAg,"poki: ""i cant keep a train of thought""
also poki: ""oh continue"" (after her talking, not lily, soooo ... what?) :D",1 day ago,@einswallex,UCxYzwOtuU5UqzhnGr00j5pg,0,1741633672.979142
UgwwEq9fEz-xDqRGLwJ4AaABAg,You know that you made it when you get a incel tweet,1 day ago,@truthfinderjohn,UCDdfL5DNwP08SzWSCDjV4SA,0,1741633673.224655
UgwMqOhYgOwhOochsFR4AaABAg,davinky is so adorable omg,1 day ago,@eludesu22,UC4ztgUhmAPcCa_1X2dfaDWA,0,1741633673.225144
UgxmUik3_0wFvrzeQp94AaABAg,I want to like this but Poki interrupts Lily too much,1 day ago,@game-devin,UC7K_epZQVA58_ldcUmo-DYw,0,1741633673.226763
UgwiXaTjNl0kTh59XGJ4AaABAg,not to be the pc police but it's kinda weird making fun of ludwig's head. makes me uncomfortable. i'm sure he can take it but it's still mean.,1 day ago,@Sitschei,UCqk64hO8xI2oU4_AMWzQg1g,0,1741633673.228263
UgwcuhiMZVij5ITakuB4AaABAg,Iâ€™m sorry but the drinks get me with each edit and knowing what was talked about first or lastðŸ˜‚ðŸ˜‚ðŸ˜‚,1 day ago,@LifestyleTruth,UCZaT6MXs51-mzWsx3c4JR6w,0,1741633673.228902
UgyjJG3vkKxAzDyhb1F4AaABAg,Entertaining,1 day ago,@Proofofpower_lies,UCVxEx3YLq6J2k85wBjBufbg,0,1741633673.229357
UgyzL-BCW9vPZoR8Jph4AaABAg,Hi,1 day ago,@JackFlores-e4t,UCbnFyuoDCMYCC8FwD-Twemw,0,1741633673.229791
Ugwyb8yhOiddwpUfIPt4AaABAg,Tuesda night he park next home I he wait for the door open,1 day ago,@pipe00-o9k,UCabjc8kdu6RH53fRVqc8a7A,0,1741633673.23022
UgzwqWeH2r_tEkmtstl4AaABAg,First of many sponsors. Poggers!,1 day ago,@JamesRNG30,UCkgMa2rrA8uBS8pMowP-g_g,0,1741633673.230638
UgxQVFAhx4mciNtJWp94AaABAg,"thank you for putting the cart and plushies as a buffer to lily and the shelf, I can watch without worrying lol",1 day ago,@kimikokathy,UCYUjTlu1QGHUiqmwQ2prOIA,0,1741633673.231065
UgxUyJ9j01SSe1bRgm54AaABAg,Lord Jesus christ I'm ready to see pokimane in person in March 20 2025 in divine timing god bless us thank you Jesus amen amen amen ðŸ™ â¤ðŸŽ‰,1 day ago,@Solodolo18,UCSNQFDjDJg3B8m3YWfQ7mgg,1,1741633673.231484
Ugw7X0eAqLe_lGvQzQN4AaABAg,Pokimane I love you so very much we blessed we gonna be living together very soon in divine timing âœ¨ï¸ god bless us â¤ï¸ thank you Jesus for everything protecting us and bringing us justice and balance amen amen amen ðŸ™ â¤ðŸŽ‰,1 day ago,@Solodolo18,UCSNQFDjDJg3B8m3YWfQ7mgg,1,1741633673.231909
UgwYsoRxS145qu4WprB4AaABAg,that sponsor jumpscared the shit out of me xD,1 day ago,@dapu8033,UCqcpTGmBZ7mJFCKrnr4lp4Q,1,1741633673.232324
UgyHIVqCPV0nyqLNVmd4AaABAg,31:47 poki becomes the dog whisperer,1 day ago,@GTIBROS,UCjMpHAdSSaM412Ibvg2cZQg,2,1741633673.232766
UgyfxuzUZ6nffQ-DWf94AaABAg,"You know lily, you could just record an episode in Paris, you donâ€™t need to hold fort in LA. Sounds like an excuse to me ðŸ˜”",1 day ago,@DanielLintott,UCTKAPS1SxlkXtfzy1hsaCUw,0,1741633673.233184
Ugz7WhzbcqsyOFgsGm54AaABAg,This is like the PERFECT time to bring on Lisa since you know Rae to discuss female safety and her company â˜ºï¸  could be SUPER beneficial,1 day ago,@MopeSolo,UCmTAbmibN_ejQHhaMj63UEA,0,1741633673.233598
UgxBaqnvdqPKeLee0VF4AaABAg,15:37  such a good opportunity to say D-Imane ðŸ˜”ðŸ˜”ðŸ˜”,1 day ago (edited),@grzesztof.f,UCe2JMxhJDz35Mb-CNYxAIlQ,1,1741633673.234016
UgyKCxSPeBVPU1mvYLJ4AaABAg,my shaylas,1 day ago,@r4isah,UCmcGgVkpPiJOXQg7Mt_P-4A,1,1741633673.234453
Ugxb1__tTpFhcZMhJCd4AaABAg,Great ep! Honestly I'm from Canada but the sponsor seems T1 for Americans!!! LOVE IT. Heres to more sponsors ðŸ¥‚,2 days ago,@Jess_stpierre,UCa1WPddtVI4O8yKE56s6Mbg,0,1741547273.234886
Ugxooq4O42Mi_zp8lyF4AaABAg,Congrats on getting the role Lily,2 days ago,@ewingmunicipaljr6596,UCh-Bxb_aY2lOyf3xVaglOmg,0,1741547273.235297
UgwGLK6vtlyc0pgg5DV4AaABAg,Yep. Luca Donovich. Leading scorer in the NBA. That's the guy.,2 days ago,@Falla__,UCAHaHQAIic1-CSBjPKSi3yg,0,1741547273.523127
Ugyp83M0wACrKeWX-yZ4AaABAg,"i love the ad segment its so seamless, love the sponser choice <333",2 days ago,@blingblop,UC6l_R_8HBBKT6GprRrlpH6A,1,1741547273.523901
Ugynb4KXDrs7TRu83il4AaABAg,cosplayers get stalked a lot,2 days ago,@freddyamazin4167,UCzS9lg07d0k_-M3cBLDiZsQ,0,1741547273.524589
Ugy7wvUNYEjv4UVg7dF4AaABAg,"While Michael's replacement is very pretty, charming, funny, has immaculate taste, incredible never wrong opinions, pretty, always dresses cute and does her hair magnificently... I'm gonna miss him ðŸ˜¢",2 days ago,@shulaze,UCnr56-al4VlOys8ZTJ_s6TQ,2,1741547273.525283
UgyjdKSmCRIXU6fnwdF4AaABAg,"56:12 on the stalk police note, there was a girl on tiktok who said she forwarded her stalkers calls to the non emergency number. That's when they took her seriously, because the stalker was calling 200+ a day",2 days ago,@lesleyvillafan4296,UCjuwUHsWF7zuu_gNfdqnUbw,29,1741547273.525961
Ugw7HJfppgyNkEoNGoN4AaABAg,Until yesterday in the Ludwig one I didnâ€™t know poki could speak French ðŸ˜‚,2 days ago,@deleted-something,UC_LYdQ4p2CVb4vkeOfATXMg,0,1741547273.526636
UgzRCJhZ5zs3WwM7B4d4AaABAg,"yo kiss when
I dont get it",2 days ago,@pulsarhappy7514,UCqFxg6s2lfRxOIUBMPNUt5Q,0,1741547273.527298
UgymbQpsCNMYXtmkmjd4AaABAg,i got really jumpscared,2 days ago,@hefeu3846,UCVZoK20EpF0Zo7MgqYEPf6g,0,1741547273.527954
UgztNXA98LlOCXvKFEJ4AaABAg,"I sure hope Lily is practicing using the pepper spray.
Cause she can be a little clumsy and under pressure it is easy fumble with a pepper spray. ðŸ¤ž",2 days ago,@Petch85,UCHIiUfuxbPeTQfVdZbDmKqg,0,1741547273.528608
Ugx5QvIoG1Ulc1QKt-14AaABAg,31:55 Those people don't want her to apologize. An apology is meaningless to them.,2 days ago,@rainycake,UC0vmjKzMnRGur0mi8-fyMZg,0,1741547273.529264
Ugyznu3-0PZdW2Pdsdl4AaABAg,Pepper spray is great but be mindful of where you use it itâ€™s easy to mace yourself,2 days ago,@juanton9545,UCT8j5DQxvGHE8cDB_rztQjw,0,1741547273.529918
UgxM3u5wAoPJRXGwdiV4AaABAg,The title is just Ludwig lol,2 days ago,@taylifts,UCY7fSYFdnt8YDe5tlhD5x7w,1,1741547273.530575
UgyP4rVHIBanYsTP_jB4AaABAg,Lily looks so bright and glowy with the pink hair!,2 days ago,@giazhanghp,UC0rp7o9QXkYYfWy4ApQJsDA,0,1741547273.531234
Ugzj_CLMuIJa_WDxYbt4AaABAg,i been needing some medical checkups,2 days ago,@smolgamer6351,UCUkSa1Vr9QhQPESY92e6hKg,0,1741547273.531898
UgyGZgtnoduv32QBn454AaABAg,"One of the factors associated with sudden infant death syndrome is sleeping on the stomach or side, so keep them on the back! 6:30",2 days ago,@MiaK_exe,UC5Wrjhpmp9S4CuAXDoxzmJg,0,1741547273.532601
Ugz7c_FxAe9rbv-4JTR4AaABAg,lily pichu la numero 1 :D,2 days ago,@yesidbautista5842,UCZj-j2RkSO2QQbAvBK3EILw,1,1741547273.533265
UgxHQ5VWf5U3jyS1Z054AaABAg,Omg this guy sounds like a nightmare,2 days ago,@lealiii2322,UCZkbC-FnWDZfmVlKTQhRiJw,0,1741547273.533888
Ugw6NskOV2q2ytUoWmZ4AaABAg,Michael looks weird in this one,2 days ago,@DavidLopez-ge8ph,UCsf-Dt4cZENy5YVJZNJzq8g,1,1741547273.534466
UgwM2ETzES4Xppx6g9B4AaABAg,"Happy Poki is back to normal and again I am soooo excited that Lily is Nico! Witch Watch is my favorite Jump series and the only reason I stayed subbed for like two years - they won't even give us physical manga in English so I was super excited about the anime but when I found out Lily is Nico I cried! My worlds are colliding, my dreams are coming true (and so are hers hello?!). After such a rough 2024 this was the perfect thing to give me some motivation and gives me an excuse to watch the series in English and Japanese :D Also yesss sponsors!! 2025 is the year of making it out the trenches amen! <3",2 days ago,@Chachixo,UCkRK0k6nmDaoaCI26141C9A,0,1741547273.53505
UgzDKfaTQZ-f5g3EvKl4AaABAg,"54:42 bring it back to life poki ðŸ˜”ðŸ¤ž
i gotin, it was so wholesome",2 days ago,@ahm.774,UCsnXUaKlEbIqQjBCE7LyV5w,1,1741547273.535632
Ugy7wvUNYEjv4UVg7dF4AaABAg.AFSIbC5FdIlAFSc2oyY4D4,Rip Michael,2 days ago,@Attwhill,UC9LSAlRqSWepJ2ew5cv3QPw,0,1741547273.712384
UgyisawmzAQPbNeqTBR4AaABAg,It's because he's a MODEL! Used to people fawning over him,2 days ago,@NomzWithDarren,UCGEy4ViY_h1f9uQYtvf7vAg,0,1741547273.970307
UgzJMBrHnISVdOTnRwN4AaABAg,Congrats on your first sponsor!!,2 days ago,@kkonto3,UCXurgVyCafzScFN6dsXDV4w,0,1741547273.972878
UgyWrGI35HVgPpV8Bfp4AaABAg,nothing wrong with a big loud mouth,2 days ago,@chris-hx5rf,UCbMmes1MQYGz7o3Zwt-9leQ,0,1741547273.974636
Ugz3IPZlwsNZUpZqWBV4AaABAg,poki interrupts lily way too much,2 days ago,@punggok19,UCcsLnq-A7wWRcNOfJbrEzRw,1,1741547273.977357
Ugy-ZbJWM0pSsnLWP4x4AaABAg,"Cannot wait for the Lily & Michael YouTube short where they try the mace on each other, for fun",2 days ago,@AuriChouhana,UCkzLczIVpqmuug_ZhrvVPXQ,0,1741547273.978915
UgwI20OySvsN0SAwGxB4AaABAg,love you best queen,2 days ago,@nikokorpaniuk7048,UCrvrvpE2AginrQR8RowUHKg,0,1741547273.980245
UgxErZmj7m-R9TCiQeB4AaABAg,"Lud this week: It was fun hanging out with Poki :D

Poki this week: Lud looks like satan",2 days ago,@captainxcookies9344,UCh4IdMsB_iNR6WQN3wN9BMQ,24,1741547273.981518
UgwjFUuBEAmkGIP-CWx4AaABAg,"Another thing with stalkers is that proving they broke a law gets frustrating and difficult. On the Wine About It podcast, Maya does a great job of explaining exactly what she needed to prove to get her stalker arrested and itâ€™s ridiculous.

In unrelated news: I love the pink hair. I want the pink hair to stay forever. I think Iâ€™d get fed up with the maintenance so fast.",2 days ago,@KallianaCorus,UCMKwqukLHu_qKbY4_66h2Rw,42,1741547273.982767
UgwgaqGr5W6CMWb0NH14AaABAg,Bald Lud is another character entirely and I fuckin hate him,2 days ago,@Chalepastel,UCIYXnKcFiWiWpd6KY6DjZhA,0,1741547273.984016
UgwyoJAm1Krx4cnAU154AaABAg,I hate dub and wach anime for free but im watching this  w.e platform its on to support ðŸŽ‰,2 days ago,@Blueboats14,UCWbkrdfEHRXAzKHYW9vL8og,0,1741547273.985205
Ugwl1tHiFghpkA1v8WR4AaABAg,we should also have an episode where michael reeves will be lily,2 days ago,@JSTC65,UC-GzQUurEZJ2uqIct9gPGnA,0,1741547273.98621
UgwuT86UilDCwMPJtwl4AaABAg,"I have really enjoyed staying in small, historic hotels when traveling abroad in Italy and Vietnam. It's not like living there, but I enjoy the feeling of stepping back in time to the 70s or 60s. I expect that such hotels exist in Paris, and they must be charming as heck.",2 days ago,@jsdutky,UCMXjAH8ul50wcK68O3nlXwQ,3,1741547273.987216
Ugz84T0IobDsQrjbLsZ4AaABAg,one of my favourite parts of these is seeing the dogs doing their own thing sometimes!!,2 days ago,@1985_Honda_CRX_Si,UCtIDB_fZB4iFxrvCBhrNqUw,0,1741547273.988232
Ugz5P2MAkiB2b0V95kV4AaABAg,"Wait, +1 for pokis' gremlin mode on lily lmao xD i can imagine her and slime going gremlin mode and stopping and shaking hands across the isle",2 days ago,@Deathstar0wannabe,UCc9pfvXPYHGRn66U26lyXWQ,0,1741547273.989699
UgxEU8FlSV51s0zwz-p4AaABAg,Happy International Women's Day! ðŸŽ‰,2 days ago,@DigitalArtcast,UCeo76vT-OBtl1BbaROsvuWw,0,1741547273.990811
Ugy85eDXP2pvZ2T7Dl14AaABAg,"omg, he was that catty after a few messages, imagine how high maintenance that boy would be in a relationship, lmao. pheeeew!",2 days ago,@kennylaysh2776,UCoLdmXKaR6CXoS6CSi-Hzbg,1,1741547273.991886
Ugz0xWF0b4P-aMUYjQB4AaABAg,The people want lily in Paris!!,2 days ago,@KaysadillaASMR,UCQbXSm8b8k3FOBsWI3jkm3A,0,1741547273.992917
UgwZeZv4-DVh8jhthJF4AaABAg,i love when theres like 20min of poki updates then like 5 minutes of lily updates ðŸ˜­ /gen its so you,2 days ago,@archive3339,UCRsC01Sztnvzrq2fA_4B91A,0,1741547273.993693
UgxtVLrEn6uxc6TkcM14AaABAg,FIRST SPONSORRRRRRRRR YALL ATE THAT AD READDDD,2 days ago,@silasdiolazo6591,UC3vppagaTbZC6fxLlgwmcig,0,1741547273.994237
UgyW55_an75EkB3UveR4AaABAg,yo lily you should definitely do a d&d video series that would be super fun,2 days ago,@Zer0stat1c,UCkPkO9gGJC5fgK7DeCb1ZLg,3,1741547273.994779
UgwLMDK5vmceRAw0_Ll4AaABAg,The title made me think itâ€™s a Ludwig guest episode,2 days ago,@realm1696,UCkb7qXF0GJ3EmBz_ZapElFQ,0,1741547274.256869
UgwThMHmvZVX3r0_Kix4AaABAg,"My god, how is Lily so incredibly attractive :o",2 days ago,@myblindyvids,UCTmGgnCYq8t7QIHRIyXs5fg,1,1741547274.259333
UgzEFKIycfTlJRHoO5l4AaABAg,Queens,2 days ago,@roniskillz305,UCDiQcr24TUu109SJb5P3FjA,0,1741547274.260458
Ugz6tjNe2GnSwnYQ0d94AaABAg,"damn poki really funny sometimes, ðŸ˜®",2 days ago,@TolikeKhoukhou,UC6FOZUFDmw8HU1zpXwOL4HQ,0,1741547274.261273
UgwFg9UhqQqatJmXiRl4AaABAg,"lily's mic flips will never not be impressive, it tickles my brain",2 days ago,@yeonjihan681,UCLA1FRf1XEHN993-BvlTIGQ,7,1741547274.261994
UgxGGCPDzDx6sC8Thi54AaABAg,"poki's crash out for lily not going to france was the funniest thing ever
like...... she's just a girl........",2 days ago,@yeonjihan681,UCLA1FRf1XEHN993-BvlTIGQ,2,1741547274.262674
Ugz7XTXdD6vCjJg67DR4AaABAg,Yee,2 days ago,@EpicCarrot345,UCEGcrGGJuwNg10x7FEk-U0w,0,1741547274.263356
UgyYgSHErlXlM02WFcJ4AaABAg,26 itâ€™s half a year,2 days ago,@cequi1999,UCDZWQtWElsRb4AZmdIDYm-A,0,1741547274.264027
UgyfisfT3KNuEvSzbFl4AaABAg,55:32 particular dilemma for me is when itâ€™s a personal connection more like interpersonal connection. Dude I have sooo much to say about this topic,2 days ago,@esemeye-t3,UCWhVuvUyO83VT-xEkqqN9pw,0,1741547274.264676
UgwmLCIEm2cp832fEO54AaABAg,This is the first 43:04 podcast Iâ€™ve sat through maybe you guys arenâ€™t boring after all,2 days ago,@esemeye-t3,UCWhVuvUyO83VT-xEkqqN9pw,2,1741547274.265323
UgxY_U6t3LnKZfmR7CV4AaABAg,Both dogs sleeping on Pokiâ€™s lap is the cutest thing ðŸ¥¹ theyâ€™re like â€œour other mom is back!â€ ðŸ¥°,2 days ago,@fayesversion,UC73Mauc5h_qbc-H5lPu47FQ,68,1741547274.265972
UgxDnmu8OMd5gxZVLxp4AaABAg,the flat head thing is actually genetics.,2 days ago,@otinane4147,UCvIQFjiKJ1iYlh2IbXxm4sw,1,1741547274.266626
UgyNbP5k-rM5toS3dHd4AaABAg,â¤,2 days ago,@jklol1680,UCv8_bzimVzS0m1_jeC65iWA,0,1741547274.267315
UgwVurNrj-bQa4lMnJ14AaABAg,ðŸ«¶,2 days ago,@sadbluee1,UCCGisNop1Ati-CxO5QV9lFw,0,1741547274.268258
UgwkWYXM4lLwN3ojdpx4AaABAg,â¤,2 days ago,@jklol1680,UCv8_bzimVzS0m1_jeC65iWA,0,1741547274.269251
UgwL6abCiyuy4SNHOJt4AaABAg,"I think what's funny (if you can call it that) about the hate Poki gets from some English speakers is when they're confronted to someone from the French community. Most French people are not aware of the drama Poki went through, but any time a long-time hater has tried explaining it, even with their very biased perspective, French watchers will just go ""wait that's it?"". It shouldn't surprise them then that those of us who were already aware of the drama don't give a hoot, but somehow they are confused each time. It's hilarious seeing them lose it when you rightfully call them ""crybabies"".

Anyway, Poki on t'adore, reviens vite en France (et oui, ramÃ¨ne Lily, de force s'il le faut) !",2 days ago,@frenchtantan,UCGoxsFe3CoaJc1HsmASK7cQ,67,1741547274.270468
Ugw6UtgYrm4Lc_5up4J4AaABAg,"In regards to the police thing, unfortunately itâ€™s very easy to find almost anyoneâ€™s address online. People post way too much public information that makes it very easy to find out where they live. Donâ€™t wanna go into the details how, but its scary",2 days ago,@shamusj260,UCdYU9uc2gijn3F4NxGpbmqw,3,1741547274.271855
UgyM6Gcm6lOtNOjk_DJ4AaABAg,"58:21 ""but check your front door""  i cant ðŸ˜­ðŸ˜­ðŸ˜­ðŸ˜­",2 days ago,@doctorsForlife-h1d,UCH_PSYkyrnprWmXmSpK4g0w,0,1741547274.272742
Ugw2ppWu6vImHcm4IE14AaABAg,"Et maintenant, on va suivre ton contenu ici aussi ðŸ™ƒ

And I'm interested to learn about your guys content, we clearly are doing something different in France, to see all of you mixed it up, it's very fun (okay specially when you can speak both languages, but I'm sure you also can enjoy it with subtitles aswell)

Oh and the part about your appartment in Paris, the should had do it only when you left, it's clearly wrong for your safety even if it's probably a mistake and not really on purpose tho",2 days ago (edited),@Shintseko,UCVS00i7hXkThZHHLsXvGjyg,0,1741547274.273476
UgwwtRkIi3AqE5LFgbJ4AaABAg,1st sponsorship letsgooooo congrats!! xoxo,2 days ago,@neron3ro,UCUPxwgGTd9nINCrRWqVn7jw,0,1741547274.274162
UgwL6abCiyuy4SNHOJt4AaABAg.AFQXSeO8QlMAFV-XHrNp65,"If you replace ""French people"" with ""normal people who aren't chronically online"" you would get pretty much the same reaction.",1 day ago,@stuntmonkey00,UCXNvzdanQbKzY9U1HaEhovw,5,1741633674.478217
Ugzz5hHneP2k4QVwhvh4AaABAg,Poki really channeling Slime energy with that gremlin bit,2 days ago,@superaoi5863,UCmCaBTUJ3i3bgdyCAccw2Aw,25,1741547274.767559
Ugz18SUnEzCRJnADnXl4AaABAg,15:09 the amount of time i've laughed and repeated this is OUTRAGEOUSLY unbelievable ðŸ¤£ great ep btw ðŸ”¥,2 days ago,@PARASAAD1,UCXM38dqlt0-mUh4ybymlzog,4,1741547274.768941
Ugyiu1A4a-ShkmEEIMF4AaABAg,missed u soooo bad poki so lovely to have u blessing ours ears again,2 days ago,@maggsgrr,UCqm-7EACeoTUKB_jpuy8i0A,1,1741547274.770219
UgxjGJ2B_Y6IY0kzzcp4AaABAg,finally got the phrenology episode of the podcast,2 days ago,@Zapafaz,UCutfQZ3ECcdHyezX4BMgp9A,0,1741547274.771452
UgyBSlV3Ii9Js0kZfNN4AaABAg,OHHH Therapy!!,2 days ago,@vincentgov6339,UCGwCjoFBWnpEBrNaB9bPqVg,0,1741547274.772235
UgzXJMne8aJJNRoOkiF4AaABAg,"Homies are back ðŸ”¥, Poki handled that dm situation so well. She initiated the meet up which i respected so much and he dropped the ball then got weird lol dodged that mess",2 days ago,@ChristianAbyss,UCocgK_46O4vrFrRmkUrmkIw,18,1741547274.772969
Ugz3rp6BHaNcYdpICQh4AaABAg,michael looks a little different this episode,2 days ago,@NOGRAD,UCVHo3FFw-vFmrP0jMssp5SA,1,1741547274.773607
Ugysq0FMmuzChXYKsYV4AaABAg,finally a sponsor weâ€™re getting to the black boys ðŸ”¥,2 days ago,@dumbby5699,UCIjKIDbHfxLKa466ZmdpcOQ,0,1741547274.77419
Ugw44lw9ppeBTDn9j7V4AaABAg,Notable stream ladies! ðŸ«¶,2 days ago,@adamf.9835,UCz925zd3-SoN4wHk-ySXt5w,0,1741547274.774744
UgzWfs1YQz7KAKMEOrl4AaABAg,Mannnn why did you do lud like that?,2 days ago,@jmiester26,UCACi7uQyyTUUtIHv83Q4PDw,0,1741547274.775286
Ugz9wzNWvxRisqZnZMR4AaABAg,out of all those French the wurst,2 days ago,@mustardroshi418,UC9ueNztWrtpSpefMGwPYzjQ,0,1741547274.775821
UgzvIfHdD9xxhRfed9d4AaABAg,where's lily's jacket from? it's so cute!â¤,2 days ago,@astrlnaut,UCxErxo8rJGuDsR1xCZwS7aA,0,1741547274.77636
Ugw5eLvb-UzRxXoOvBJ4AaABAg,Rip christine Grimmie:face-pink-tears::face-pink-tears::face-pink-tears:,2 days ago,@itserico,UC7EjmtDOH0sotN5Ndqh63XA,1,1741547274.7769
UgwgriqY8V0ki1O8iSV4AaABAg,ðŸŽ™ðŸ”Š,2 days ago,@DragunnitumGaming,UCSSdUDxO3qmfZC6bANN61og,0,1741547274.777442
UgyLDM_wNmFjp4hO00p4AaABAg,i love gremlin poki !!,2 days ago,@auchxel,UC92SswRXEsFuFyT1PT-U7Qg,0,1741547274.777982
UgyBRWjNLIbZhCE8yrp4AaABAg,POKI YELLOW IS REALLY YOUR COLOR ðŸ’›,2 days ago,@19x97x_M,UCIKNN40MiV9I68T0svuHNmA,0,1741547274.778514
Ugw-NizqzNP2KNz_z1F4AaABAg,Why lily's fit kinda give Clara from honkai star rail ðŸ˜­ðŸ˜­,2 days ago,@jalenlol4572,UCHE_MCaSbOYNCr3fo_YXNeg,0,1741547274.779168
UgyBLFudCJSyxDSMccd4AaABAg,"49:03 I'm always telling people America has an incel problem, :sadge but regardless glad everyone's safe and it is great seeing Pokimane back on this podcast. And continue staying safe in this incelfested country. #tastebuds",2 days ago (edited),@KevinPencilDraw,UCkWH3YndVbiuR8JFI8iPu-w,6,1741547274.780383
UgzsRl-OIxDisfO_IAh4AaABAg,Incredible comics idea,2 days ago,@Mazzariel814,UCr3aH5B3RTocDhRBw9kPqeQ,0,1741547274.781538
UgwM_-gsevd3TTJo8bN4AaABAg,Yey,2 days ago,@EthanXyzn,UCDdKXhsoR9wd_jhv7nfUjiw,0,1741547274.782718
UgztM0y4B7dOTY9_90F4AaABAg,"I'd love to see a Lily GMed TTRPG game!!!
D&D is good, but please consider other game systems!",2 days ago,@PaulO.K.,UC5KZ5HeJ5fQxGt3OYMDzptw,0,1741547275.071205
UgzU-p2PsApP67Wt9Zd4AaABAg,Where is Mikuel?,2 days ago,@lars2894,UCZQaPT76NlP_i_TzEp7qiYA,0,1741547275.072373
UgySy3tvgosX3Lxs1c14AaABAg,â€œSomethin ainâ€™t right about that guyâ€ lmfao poor lud ðŸ¤£ his head is kinda lumpy ngl,2 days ago,@Jessica-wq5ku,UCK2uLmOJLsahWOr63ESQ18g,4,1741547275.073423
UgzNshpI9ut0TQ5Z0nN4AaABAg,First add read but definitely not the last wooooo,2 days ago,@Edith_1989,UCo2UWMoOUGNbC7qKUnGzWJQ,0,1741547275.074801
Ugzsky0mi_zbr21twNx4AaABAg,GET OUT OF MY HEADðŸ‘¹,2 days ago,@esemeye-t3,UCWhVuvUyO83VT-xEkqqN9pw,0,1741547275.075996
Ugx7Hq7IG1pejyQ4GRR4AaABAg,the return of the goated duo,2 days ago,@charles_toad,UCIwQl1V1zpEj2DClmpmlAbQ,1,1741547275.077035
Ugw-oq3LB0C2H4j9G3p4AaABAg,Pending a tourist trip to pari you guys  im convinced,2 days ago,@esemeye-t3,UCWhVuvUyO83VT-xEkqqN9pw,1,1741547275.078044
Ugz7aqrsEbn0BF5TM1d4AaABAg,Ooh a sponsor! Yayy for the podcast getting out of debt!!ðŸ™Œ,2 days ago,@masaehori,UCcJvzCg3mp3OfM1pAJJoU5A,0,1741547275.079002
Ugw2iRKtZixUWx3OnFp4AaABAg,Is cheese French bc I am smiling,2 days ago,@esemeye-t3,UCWhVuvUyO83VT-xEkqqN9pw,0,1741547275.080059
Ugywt85WKS0szDxm_ZZ4AaABAg,Making fun of bald*,2 days ago,@johnguerrero4607,UC8vDMmmT_WxkKD_9mqO1Iew,0,1741547275.081074
UgzrB5QAXO7y5Sdm1EN4AaABAg,Holy Megamind jump scare,2 days ago,@3yp0n,UCkqv4TPGS5roXUdCi2lLc8A,1,1741547275.0821
UgzPgCMxg_wmNjnQ4_t4AaABAg,Also Witch watch!! Oh man! That's crazy! The manga is great! Can't wait for the dub!,2 days ago,@LukeVader77,UCOHRwTAeZEg4ubvjed1V_yw,0,1741547275.083639
UgwbHtEmHe_8R2bJsGd4AaABAg,SHE GAVE THE GUY A CHANCE and he went passive aggressive on her dawg wtf poki u deserve hella better than that â¤,2 days ago,@bakicci,UC0Etx8D491ccVRqowd2TX2w,0,1741547275.084836
Ugw4x0e-hBPShUOwi0l4AaABAg,The puppers on Imane look so comfy!,2 days ago,@LukeVader77,UCOHRwTAeZEg4ubvjed1V_yw,0,1741547275.085978
UgxKZT6vmoWHhpgaox54AaABAg,"Bahahaha. The Ludwig jumpscares were so hilarious.
He has head holes like his chest hole, OMG!",2 days ago,@Lynkah,UCNH-soASsR5TpRzhapxVkGw,43,1741547275.086961
UgyMY-d1SsbE57QRcd94AaABAg,Thinking about an egg shaped pokimane got me feelin some Typa way,2 days ago,@esemeye-t3,UCWhVuvUyO83VT-xEkqqN9pw,0,1741547275.087917
Ugz8xE_6gleN1sObERJ4AaABAg,poki and lily in paris special episode when you guys are no longer in debt would be a perfect reward,2 days ago,@alexi5405,UCjxbg4TTD2GHRbBmP-Gc3WQ,71,1741547275.088846
UgxdGbgIWjg_3rVEkyN4AaABAg,"Poki, you really do interrupt Lily a LOT. Pod can be more balanced where Lily isn't just the accessory or sounding board for Imane and what Imane thinks and has going on.",2 days ago,@thehermityouknow,UCZFt-TtCkMVckqJwNlqDKcA,10,1741547275.089776
UgzEIySTcxUf4zlpGEB4AaABAg,Wait ye why is everyone balding,2 days ago,@esemeye-t3,UCWhVuvUyO83VT-xEkqqN9pw,0,1741547275.090733
UgyjFMwfdosXwy7llH94AaABAg,I miss the platinum white sooo Damn,2 days ago,@esemeye-t3,UCWhVuvUyO83VT-xEkqqN9pw,0,1741547275.091663
UgxdGbgIWjg_3rVEkyN4AaABAg.AFQHZ1Xhwg8AFQJL2lqL5F,I'LL BE MORE MINDFUL SORRY <3333333,2 days ago,@pokimane,UChXKjLEzAB1K7EZQey7Fm1Q,6,1741547275.296885
UgxdGbgIWjg_3rVEkyN4AaABAg.AFQHZ1Xhwg8AFQKH4V6vNF,"@pokimaneÂ  I know you are generally a good person. It is an even more good thing to be one that also gives others -- not just praise in words and compliments -- but in them being valued, heard, and given light and attention, especially when they don't have nearly as much as you. It will also make you shine a light much brighter in the end. ðŸ™",2 days ago (edited),@thehermityouknow,UCZFt-TtCkMVckqJwNlqDKcA,0,1741547275.298304
UgxQXGg1ud67dVuTxRR4AaABAg,"I can't say too much. I know some FBI agents. The case is with stalkers, it's only for big scale.  Not truly individuals.  The FBI's more like for groups.",2 days ago,@spenserrobbins556,UCyLvCfR1rZ6pvAyzHG5hSxw,0,1741547275.558765
UgzYFtGtnvVAQZfFl6t4AaABAg,"I would've blocked the guy after the first time he complained about being ignored. That was a big red flag, and even if he had responded better this time, he would've assumed ill intent again in the future.

And I'm a guy who definitely experiences a lot of emotion when I think I'm being ignored, so I think I have some insight into how not to act when that happens.",2 days ago,@jasper265,UCAgi8xQrYX1CC5kjp5seyJw,1,1741547275.560915
UgxVjCQ4uzqzMN_nkmR4AaABAg,lol wow now you know what he is like.,2 days ago,@justbrad_v3906,UCo4KjsriBtxTxVKIhYAiAHA,0,1741547275.562279
UgytrJM4ZKpWkFZdO_54AaABAg,brooo throwing back the ðŸ«¶ to the model was diabolical,3 days ago,@interwebologies,UChuijwbxsbkQbV5N0lIFR9A,15,1741464475.564227
Ugx5AWq4ep6v1zc-oV14AaABAg,the international women's day content we deserved â™¡,3 days ago,@Crust_J,UCX84IU28iywbAC7H3nXVSsA,9,1741464475.565597
UgwGqqsiiu8sxYIWbFR4AaABAg,this could be a yard title,3 days ago,@rav3102,UCLXZAqHZ20ecY0OAFvHWNog,1,1741464475.566922
Ugw72I9lPkGVj_mukL94AaABAg,Binky is so cute on pokis lap,3 days ago,@jaester4248,UClvTJc_SyEFRPiQgafGssAA,2,1741464475.568189
UgxUV_kDzV-aOyXubUZ4AaABAg,I have 3000 followers on instagram and miss almost all of my messages HAH,3 days ago,@michelletanina,UC-rQYCD3LQsP_svGBloztiA,0,1741464475.56943
UgxvQWVlH3C5BxpEsT54AaABAg,"Luka ""Donovic"" is crazy",3 days ago,@cdot32,UCSwyJ9j_s5ECuTwprIAxvJQ,6,1741464475.570585
Ugz06oSt8hNnOy1k6qN4AaABAg,Lily is all of us when Poki was reciting the DMs,3 days ago,@kjronning1,UCMhBVzZ10nR7zXy943TyIfQ,13,1741464475.571582
UgwjSvFw3f69IAGbt714AaABAg,"Lilly saying ""Poki is a great litmus test"" is soooooo accurate. People's opinions of poki really tell you what sphere they're coming from and how serious a person they are.",3 days ago,@atriaventrica,UCgRozwFkHL8qSJkj_vtoGsw,308,1741464475.572585
UgwgugIz6Fymcr7fVp54AaABAg,that French influencer would be better off using ai to message back XD,3 days ago,@VinegarPotato,UCsSXisC99gbWdE2loN0hEYg,0,1741464475.573579
UgylAiItgyhXiwh5IGh4AaABAg,"Honestly my favorite podcast 
Thank you poki and lily ðŸ«¶ðŸ»ðŸ«¶ðŸ»",3 days ago,@N00NI33,UCSEKWwjY4PnWXmfssWF1m1g,2,1741464475.574729
UgzlGWXYnP8Exsd9HBx4AaABAg,"Lily is a litmus test for a pos hater. there is no legit reason to hate lily. dont like her content? fine thats no problem. But to hate her? thats more than a red flag, its an alarm bell.
lilys haters are the likes of incels, body shamers, misogynists, racists, and people trying to concoct reasons to hate people out of nothing. the absolute worst of the worst.
not that there is a legit reason to hate poki either, but she is more out spoken and willing to gent into conflict, were lily is very much avoidant of conflict. You have to go out of your way to hate lily.",3 days ago (edited),@AbsurdAsparagus,UCGafIoiD1IaTgXblz4n0I-Q,22,1741464475.576241
UgxvvR0TN_sfU7odRKN4AaABAg,imane looks amazing wtf,3 days ago,@finallightning7,UCDHJy3FDfHOjY4yuwpT4lrA,5,1741464475.577333
Ugy9efsAmMF21tP5xAx4AaABAg,Gremlin Mode Poki is my favorite Poki mode,3 days ago,@FenriRagni,UCdh_4yk6FKsXcAyXdT1gblg,16,1741464475.578347
UgzoZldJezbZKHFcvRl4AaABAg,the title sounds like its about ludwig,3 days ago,@idk-mg9rh,UCfZTvMp2ghIziPQddFWHUZQ,1,1741464475.579216
Ugw000MpG98j4tLThvN4AaABAg,Wait why does Michael look different this episode?! ðŸ§,3 days ago,@Art-Sloan,UCQOd4dZDwGZ2xtuA6NpdRKg,1,1741464475.580098
UgwXetHqQ7hra_QCarl4AaABAg,I desperately need Poki and Lud to go to France together,3 days ago,@alicannon7565,UC276Yzt4CVHKUIdedE9qAOw,7,1741464475.580959
UgwplKcAvZyPZ2930OB4AaABAg,YippiiiðŸŒ¹ðŸŒ¹ðŸ‘ðŸ‘,3 days ago,@strnvii,UCOjtOitiLKq50JlH3csi8gw,0,1741464475.58181
UgwjSvFw3f69IAGbt714AaABAg.AFQEiosOP9bAFQxfdxJXgg,"Idk I donâ€™t think poki is that special in that regard in the sense that I think people in general who have problems with others or they way they live, have some sort of problem with themselves and their life. Poki isnâ€™t perfect just like anybody else isnâ€™t perfect, but normally focusing on other peoples problems instead of your own means you have something about your life or yourself that you donâ€™t like or donâ€™t want to face",2 days ago,@devin6201,UC0MDv64xNz2LMGVv_-agWHg,2,1741547275.767179
UgwjSvFw3f69IAGbt714AaABAg.AFQEiosOP9bAFT2cGKIG3W,"idk man,i donâ€™t have any opinions on poki as a person cause ive never met her",1 day ago,@Dr.GregHouse,UClapLoH0aIwXfuGSdU_ijDQ,2,1741633675.768732
UgwjSvFw3f69IAGbt714AaABAg.AFQEiosOP9bAFTpbxmWeB0,trueeeee,1 day ago,@raet6375,UCP0xQo5uSxIYgGET8ND5P3Q,0,1741633675.770074
UgzlGWXYnP8Exsd9HBx4AaABAg.AFQDyKV9LjkAFQORmA_D_U,"From some perspectives it makes great sense to hate Pokimane. She has gone political several times, and had various controversies, including the cookie controversy. These kind of things shows you've chosen a side, thereby there's a foundation for hate. But I will agree being hostile to Lilly is unfair and cruel.",2 days ago,@Ravonges,UCNcLUni8pgx7owQkkRpFqmQ,0,1741547275.983919
UgzlGWXYnP8Exsd9HBx4AaABAg.AFQDyKV9LjkAFSjEJsFqfC,"Â @RavongesÂ hating a random individual selling cookies is a red flag. Poki however has done political collaborations with Berne Sanders so yeah right wingers donâ€™t like her. 

The reason you genuinely hate someone matters.",2 days ago (edited),@eavocado5890pppj,UCIJjC29mn9K8B_9Xzx1Dssg,4,1741547275.985976
UgzlGWXYnP8Exsd9HBx4AaABAg.AFQDyKV9LjkAFStSHwHcoM,@ I agree. But it doesn't stop people from attacking her over those darn cookies.,1 day ago,@Ravonges,UCNcLUni8pgx7owQkkRpFqmQ,2,1741633675.987957
UgzlGWXYnP8Exsd9HBx4AaABAg.AFQDyKV9LjkAFV-nl0Yg-i,"Â @RavongesÂ  The crowd that hatewatchs Poki also loooooves being right, so there will always be a reason, no matter how trivial. Explain the cookie thing to a normal person and it's going to sound stupid.",1 day ago,@stuntmonkey00,UCXNvzdanQbKzY9U1HaEhovw,1,1741633675.990463
UgzlGWXYnP8Exsd9HBx4AaABAg.AFQDyKV9LjkAFV4or1wESg,@ I know and agree.,1 day ago,@Ravonges,UCNcLUni8pgx7owQkkRpFqmQ,0,1741633675.99266
Ugw0ezGi9-LPPqlH3jJ4AaABAg,"to answer your question about the â€œoddâ€ shape of ludwigs head, it looks like his temporalis muscle (flat muscle on the side of the head) is hypertrophic (overgrown)! this this muscle is involved in chewing, so he might just chew a lot of gum or grind his teeth! love the pod! <3",3 days ago (edited),@bubbleubble8944,UCM-xun0uOKzJa7qtnozehWA,223,1741464476.26261
UgxKWhEq69p4J4pZy7R4AaABAg,"Wooohoo, you are finnaly back Pokimane, and you made another banger episode of Sweet N'Sour podcast show with your bestie Lily Pichu, and man, you gals truly made such a coolest yapping session, i am glad that you talked about problem that are stalkers, plus, seeing you talked about your Paris trip (and you being a french girl) truly are most highlight topics that you two made ðŸ¤©ðŸ˜ðŸ˜»âœŒï¸ðŸ™ŒðŸ˜ŠðŸ¤—ðŸ“¹ðŸ“¼ðŸ¸ðŸµðŸŒºðŸŒ¸ðŸŽ™ï¸ðŸŽšï¸ðŸŽ›ï¸ðŸŽ§ðŸ¬ðŸ‹",3 days ago,@croteam17,UCkE_hVyoNAuSrNx54aAO-Pg,2,1741464476.264372
UgyNEtHVUN0vamfEjHR4AaABAg,"the ""poky narrative podcast""",3 days ago,@HectorGama94,UCLcX4hU389FxcFr6WSo0yeQ,1,1741464476.265728
UgyF9uOhAc05V9KsL_l4AaABAg,:hand-purple-blue-peace: ðŸ—¼,3 days ago,@eo-fi3fh,UCUKB3fBXRLP0qhy722h011A,0,1741464476.267022
UgzYxZan_MlRi4kVa5t4AaABAg,From the 3 opions in the titel. Being french is the worst one,3 days ago,@hatdeal9443,UCAgrGWsVnZdExhICwUGKlqw,2,1741464476.26828
Ugwij9lvCjjO8Cn8xVh4AaABAg,"""This is soo anoying to listen to"" ðŸ’Œ I love you for that lilychuchu",3 days ago,@HectorGama94,UCLcX4hU389FxcFr6WSo0yeQ,14,1741464476.269508
UgxSR_cRnl18EV9dPTJ4AaABAg,Davinci is so cute on pokis lap this EP â™¡,3 days ago,@neemohseni,UCCOIdbY9LtujJF89XwOYAFw,6,1741464476.270563
Ugx3ldCttVxYorqOA0V4AaABAg,Number 30th?,3 days ago,@andenvelez7142,UCDRNaIASjUlRGiIP2Co1oCw,0,1741464476.271577
Ugys6alvgm_2qXRhh914AaABAg,So glad you guys talk about stalking and giving much needed exposure towards this highly underestimated issue. Also congrats on 100k! Go girls  ðŸŽ‰,3 days ago (edited),@yamuccha,UCdEthjYviopFRhxgh_NZYKA,9,1741464476.272583
Ugz7RMbst6B22lO9YBd4AaABAg,its time to go down ðŸ‘ŽðŸ»,3 days ago,@HectorGama94,UCLcX4hU389FxcFr6WSo0yeQ,0,1741464476.27358
Ugyj5vtTrXUDRzjP8bZ4AaABAg,guys i missed you so much ðŸ˜­ðŸ˜­ðŸ˜­,3 days ago,@pokimane,UChXKjLEzAB1K7EZQey7Fm1Q,617,1741464476.27458
Ugyb31NlXwqzdVC6V_J4AaABAg,ep 26 ??? it's already been 6 months wtf,3 days ago,@theminecraft4202,UCDXvuEjgJAwZiEWU-E0t4jw,0,1741464476.275578
Ugz6JXugXfWIf5vGGHd4AaABAg,"Lilyyyyy, I need that hair color on my head like yesterday. Slay. 
Pokiiiii, fit looking amazingggg. Glasses on the head, such a low key great accessory. Slay.",3 days ago,@riohan-watch,UCsWmxWpkEQQqtjvT5I-ddOQ,1,1741464476.276572
UgxOHaKXDfjzZ_q9vRl4AaABAg,Mae it here within the first 11 mins wow ðŸŽ‰ðŸ˜‚,3 days ago,@neemohseni,UCCOIdbY9LtujJF89XwOYAFw,1,1741464476.277565
Ugw5vrVg1S4ut3xitY54AaABAg,the excitement I get every Saturday for this is crazy ðŸ˜‚,3 days ago,@coopduhloop,UCwDlmOv0icUd1H-0scUujMQ,3,1741464476.278434
UgwT9q-HwNnXA7WH9BZ4AaABAg,"yayyy, Poki is backk! these past 3 months, my mental health has been bad, but this new episode notification really made me smile after I just finished crying in the restroom. Thank you <33",3 days ago,@demolitionnlovers,UC5LOuEwjcwKwf1JGZTGQ3Wg,18,1741464476.279278
Ugzj6WUP3r2bKXAm-Vp4AaABAg,Congrats on landing the role as Nico! That is the perfect fit,3 days ago,@TheOriginalnamepleas,UCTIZD4bbqE9JhgkdJ_u2kvg,3,1741464476.280135
UgyAkx6M38Eu-DEiu-N4AaABAg,"Love ya Poki!!! Never stop smiling sweetie. Love ya Lily, never stop being funny â¤â¤â¤",3 days ago,@niiick5704,UCRMN5aJ4jFwFJJJbDSMyKAQ,2,1741464476.280974
UgxqMxJN-2Zcja8N4rV4AaABAg,POKI IS BACK!!!,3 days ago,@coopduhloop,UCwDlmOv0icUd1H-0scUujMQ,9,1741464476.281829
UgybFJCL1ISGDxHbWH54AaABAg,Emirichu merch!!,3 days ago,@ChocolatePuppeteer,UC5SkWXp8v2SHyP99FEKIoPw,2,1741464476.282732
Ugw0ezGi9-LPPqlH3jJ4AaABAg.AFQCIDWLykTAFQIocUO_9-,thank you for the explanation but i prefer to believe he's an alien,2 days ago,@pokimane,UChXKjLEzAB1K7EZQey7Fm1Q,163,1741547276.474738
Ugw0ezGi9-LPPqlH3jJ4AaABAg.AFQCIDWLykTAFQKORmaENy,@ also a plausible explanation hahah,2 days ago,@bubbleubble8944,UCM-xun0uOKzJa7qtnozehWA,31,1741547276.477645
Ugw0ezGi9-LPPqlH3jJ4AaABAg.AFQCIDWLykTAFS7nZIlOTC,I'm sure that his grandparents being cousins is a completely unrelated fact as well,2 days ago,@Mogeli,UCQsUdLkIWhBdlX5Hj9Zo4Ug,6,1741547276.479272
Ugw0ezGi9-LPPqlH3jJ4AaABAg.AFQCIDWLykTAFSoor1pD3w,Ludâ€™s got that mewmaxxin build,2 days ago,@Breadful1,UCFACuY3hGDtW0v0gzExxLcA,5,1741547276.48135
Ugx3ldCttVxYorqOA0V4AaABAg.AFQBNC2SxX5AFQBQeMel80,Oops 28th comment,3 days ago,@andenvelez7142,UCDRNaIASjUlRGiIP2Co1oCw,0,1741464476.671237
Ugyj5vtTrXUDRzjP8bZ4AaABAg.AFQB2F5JuKKAFQCrgEBC-6,awwww poki,3 days ago,@bobatea1950,UCuBPtwEHWQB1KkcNLcp5f0Q,4,1741464476.905644
Ugyj5vtTrXUDRzjP8bZ4AaABAg.AFQB2F5JuKKAFQD-QyJdIh,we missed you more ðŸŽ‰,3 days ago,@copperkat,UCOxNoT9w5y5awE8-b7OfLOQ,5,1741464476.908041
Ugyj5vtTrXUDRzjP8bZ4AaABAg.AFQB2F5JuKKAFQJPeAcmA2,"I love you, Poki",2 days ago,@daquangreen7197,UCZQqFj1sKsxO0ED1oQOF0GQ,2,1741547276.909418
Ugyj5vtTrXUDRzjP8bZ4AaABAg.AFQB2F5JuKKAFQL_iu0Z7o,"Awwww, hiya again Â @pokimaneÂ , also, i am happy that you are back in Sweet N' Sour podcast show, glad to see you yapping again with your bestie Lily Pichu ðŸ‘‹â˜ºï¸ðŸ¤—âœŒï¸ðŸ˜ðŸ¤©ðŸ“¼ðŸ¸ðŸµ",2 days ago,@croteam17,UCkE_hVyoNAuSrNx54aAO-Pg,1,1741547276.9113
Ugyj5vtTrXUDRzjP8bZ4AaABAg.AFQB2F5JuKKAFRDTsRiTha,I missed you too I hope you had a nice time in Paris with your friendðŸ‘ðŸ‘ðŸ˜ðŸ˜âœŒï¸âœŒï¸,2 days ago,@thenightHunter16,UCYlV1iE2oo6u6TjVMARwepA,0,1741547276.912841
Ugyj5vtTrXUDRzjP8bZ4AaABAg.AFQB2F5JuKKAFSGhMS3JNf,we missed you too pokiiii,2 days ago,@rltowers4090,UCSFrL0y_AkQxPFCTh62KNdw,0,1741547276.914148
Ugyj5vtTrXUDRzjP8bZ4AaABAg.AFQB2F5JuKKAFStIOOVrBc,Emiru is ok! ok!,1 day ago,@Aznbiscotti,UCtV12BP4y5L37bZEwyDK9kQ,0,1741633676.915446
Ugyj5vtTrXUDRzjP8bZ4AaABAg.AFQB2F5JuKKAFTLgxcLBxJ,We blessed and we gonna hanging out in the same house very soon pokimane thank you Jesus amen amen amen ðŸ™ â¤ðŸŽ‰ðŸŽ‰ðŸŽ‰,1 day ago,@Solodolo18,UCSNQFDjDJg3B8m3YWfQ7mgg,1,1741633676.916708
Ugyj5vtTrXUDRzjP8bZ4AaABAg.AFQB2F5JuKKAFTLwZWcNk0,God gonna bring us together very soon pokimane God ordained us to meet in person soon in March 20 2025 Imma be traveling very soon to see you pokimane thank you Jesus for everything protecting us amen amen amen ðŸ™ â¤,1 day ago,@Solodolo18,UCSNQFDjDJg3B8m3YWfQ7mgg,1,1741633676.918006
Ugyj5vtTrXUDRzjP8bZ4AaABAg.AFQB2F5JuKKAFUwyfBqqtW,Yall are so cute ðŸ˜‚â¤,1 day ago,@Mc_muffintop,UCBRN7uf3u-FpYeknXiITicw,0,1741633676.919286
Ugyj5vtTrXUDRzjP8bZ4AaABAg.AFQB2F5JuKKAFWIjM4SkBF,ðŸ’–âœ¨ï¸,15 hours ago,@user-nc7jj7vx2z,UCUuLZvAq_wS05t24fO15JNA,0,1741666077.115922
Ugyj5vtTrXUDRzjP8bZ4AaABAg.AFQB2F5JuKKAFXuwoDEJYM,So glad Paris was fun! I hope lily has a great time to when she goes.,48 minutes ago,@CursedSkimMilk,UCIF2lMjI3ezo3E4zWeXb8UA,0,1741717197.121304
UgwT9q-HwNnXA7WH9BZ4AaABAg.AFQAdTuA4wyAFQGtEf3VyV,Â @demolitionnloversÂ  omg same I've been struggling so badly these 3 months ðŸ˜­I'm with you ðŸ’•,3 days ago,@gosiawlosek,UCJV0Y8SkayydSqp9RSozV2g,2,1741464477.315251
UgwT9q-HwNnXA7WH9BZ4AaABAg.AFQAdTuA4wyAFQIuXwbPEg,hope you feel better â¤,2 days ago,@pokimane,UChXKjLEzAB1K7EZQey7Fm1Q,7,1741547277.317546
UgwT9q-HwNnXA7WH9BZ4AaABAg.AFQAdTuA4wyAFRB_G0NF0y,"SAMEEEEE, didn't feel like going out to socialize. This is just what I needed!",2 days ago,@quickly05,UCpFPhsxLEl5KK4eGnV4IlvA,0,1741547277.319191
UgxDSoAhRVZGZ57iCgt4AaABAg,Hehe Iâ€™m early this time â¤ hi lily hi poki hope you guys are having a good day ðŸ¥°,3 days ago,@ArtWithStarlily,UC99epi86C1NC2wNhW6oZkkA,0,1741464477.56365
UgwhiVb0IXMLto0jopt4AaABAg,Welcome back poki!!!,3 days ago,@COOPERFOSHO,UCuIe-MI7Ko6fn4t07kCRtPg,1,1741464477.565425
UgzPmmXvxQlLnGRQMPR4AaABAg,yo,3 days ago,@SusBoiBTW,UCWFw98rzbFtiGdlbm-tyzkQ,1,1741464477.567155
Ugw1Ecr4vV8I3KZzAOh4AaABAg,pokiâ€™s back!!! love you girls! â¤â¤,3 days ago,@honoh5738,UCrpNhaHvxovp8ZKf_tfwPvw,5,1741464477.568467
UgzU9EPZNLteHJPYo194AaABAg,ITS TIMEEEE ðŸŽ‰pokiâ€™s back,3 days ago,@Gau_Bee,UCPb6Y6cW_XZ9XNl2DXXEW7w,1,1741464477.569676
UgwGi8hXirVCkil_JFd4AaABAg,Pokiii  we missed uu,3 days ago,@boo5576,UCQbqkv03i4C73iclQTDNAzg,3,1741464477.571343
UgzHyrO9Pakx4RI96Ep4AaABAg,The title sounds like a would-you-rather question,3 days ago,@SonOfAbraham-m8k,UCgTCY9I0TEvft-OpYVFHZVA,11,1741464477.572691
UgzahwapQ4USksniJJl4AaABAg,UGHHH IM SO EXCITED FOR THE SHREK EPISODEEE I CANT WAIITTT!!! I LOVE YOU GUYSSS HAPPY 100K!!!!!,3 days ago,@nowayitsj_17,UCrDaNCUKARndKKHQRP6H-sw,19,1741464477.573965
UgwWFZo3rv9x3nKxI294AaABAg,omg lily's wearing Emirichu's merch <3,3 days ago,@katim0201,UCtHOLtqCJmzoCU9viJltZYA,4,1741464477.575234
UgwtXA_2Suo17LmED9x4AaABAg,Stalked and Bald is fine but OH GOD FRENCH NO NO NO NO NO THATS TOO SOUR GIVE US BACK THE SWEET,3 days ago,@0x0reaper,UCpgpVrj8Qh_XAd9XDtLibJQ,90,1741464477.576581
UgxHIIzVFbl-5qRFhQZ4AaABAg,Fourth comment!!! Iâ€™m here on time!!!,3 days ago,@Saadah-o3e,UC1iuaDXWH5-eJpEeOpRCCrg,0,1741464477.57783
UgxWPmQy17yKtu5BI594AaABAg,omg 47 seconds?! im so early cant wait 4 this episode :3,3 days ago,@lemvnyy,UC5JqmNBQTtP3lWVVhMjCEtQ,0,1741464477.579047
Ugz5AMzzx2bTzdbtelt4AaABAg,Hiii l love yalls content!,3 days ago,@remneek1504,UCJB8pgN-LdyorjAa38-FI1Q,4,1741464477.580294
Ugwi2EbNKTkMlTQt7xZ4AaABAg,HI GUYSSSSSS 100K SLAYYYYYYYYYYY,3 days ago,@aiwa2928,UCZ3NO0rZ-flU56gRKHQ1Rqw,5,1741464477.581534
Ugxwle6fAT8x7UOgtMV4AaABAg,EVERYBODY WAKE UPPPPPP SNS POSTEDDDDD,3 days ago,@nicoscookingg,UC96JXYNalgvT28a4tLQuWBg,46,1741464477.582655
UgwtXA_2Suo17LmED9x4AaABAg.AFQ9gtvzgpUAFQAaYRqh4v,I think the real sweet was Michael,3 days ago,@rtranblast,UCVmIj9-Jmml81jvzSDfHo2g,2,1741464477.802382
UgwtXA_2Suo17LmED9x4AaABAg.AFQ9gtvzgpUAFRr21PiUBo,unfortunately we (the french) keep on winning ðŸ«¡,2 days ago,@phobos_irl,UC-hRNKRQ30qEq_pcYBR3xPA,0,1741547277.804631
UgwtXA_2Suo17LmED9x4AaABAg.AFQ9gtvzgpUAFSDGY7dG_5,"Â @phobos_irlÂ  
hopefuly we do after losing for that much time",2 days ago,@pulsarhappy7514,UCqFxg6s2lfRxOIUBMPNUt5Q,0,1741547277.806559
